2009,21,1,Chief Executive’s Office,The aim is to provide support to the Chief Executive in policy formulation and delivery of pledges made in the Policy Address; to plan and implement arrangements for the Chief Executive’s public and social engagements; to co-ordinate the Government’s media and public relations strategy; and to ensure the efficient management of the Government House and the Chief Executive’s country residence at Fanling.,59.6,59.7,62.5,65.0
2009,21,2,Executive Council,The aim is to ensure the smooth operation of the Executive Council.,17.8,19.4,18.9,19.5
2009,21,0,total,,77.4,79.1,81.4,84.5
2009,22,1,"Agriculture, Fisheries and Fresh Food Wholesale Markets",The aim is to facilitate agricultural and fisheries production and improve productivity.,290.9,189.5,419.9,240.8
2009,22,2,Nature Conservation and Country Parks,"The aim is to conserve flora, fauna and natural habitats; to designate and manage country parks, special areas, marine parks and marine reserves; and to control international trade in endangered species of animals and plants in Hong Kong.",405.1,436.7,435.2,455.8
2009,22,3,"Animal, Plant and Fisheries Regulation and Technical Services","The aim is to monitor the welfare of animals, and control the diseases in animals and plants through the enforcement of relevant legislation; protect public health; protect and regulate fisheries; and provide technical services.",762.1,271.3,267.5,233.5
2009,22,0,total,,1458.1,897.5,1122.6,930.1
2009,23,1,Auxiliary Medical Service,"The aim is to augment the existing medical and health services for maintaining the health care and well-being of the territory, especially in times of emergency, having regard to internal security considerations.",59.7,63.6,64.4,70.2
2009,23,0,total,,59.7,63.6,64.4,70.2
2009,24,1,Regularity Audit,The aim is to provide the Legislative Council with an overall assurance that the Government’s financial and accounting transactions and those of funds of a public or quasi-public nature are proper and that they conform to accepted accounting standards.,34.2,34.9,38.5,38.1
2009,24,2,Value for Money Audit,"The aim is to provide the Legislative Council with independent information, advice and assurance about the economy, efficiency and effectiveness with which any bureau/department of the Government, agency, other public body, public office, or audited organisation has discharged its functions.",80.3,84.4,82.9,84.3
2009,24,0,total,,114.5,119.3,121.4,122.4
2009,25,1,Monitoring and Advisory Services,"The aim is to provide effective professional and technical advice to the Government and quasi-government organisations and to oversee subvented, joint-venture and entrusted projects.",179.0,190.2,197.7,200.1
2009,25,2,Facilities Upkeep,The aim is to provide efficient and cost-effective professional and project management services for the maintenance and refurbishment of buildings and facilities.,710.5,730.9,741.4,776.7
2009,25,3,Facilities Development,"The aim is to provide efficient, cost-effective and timely architectural and associated professional and project management services for the design and construction of buildings and related facilities.",501.6,511.2,531.0,544.5
2009,25,0,total,,1391.1,1432.3,1470.1,1521.3
2009,26,1,Trade Statistics,"The aim is to process import/export declarations and cargo manifests, to safeguard the Government’s revenue from import/export declaration charges, and to produce and analyse trade statistics.",119.3,148.9,133.8,155.3
2009,26,2,Social Statistics,"The aim is to produce and analyse demographic, labour force and social statistics, and to maintain a register of quarters as a sampling frame for conducting household surveys.",65.5,60.8,59.9,94.4
2009,26,3,National Accounts and Balance of Payments Statistics,"The aim is to produce and analyse Gross Domestic Product (GDP), Gross National Product (GNP), BoP and related statistics in a timely and accurate manner, and to assist in the preparation of Government’s forecasts of various economic aggregates.",71.3,75.2,74.2,77.5
2009,26,4,General Statistical Services,The aim is to provide statistical consultancy services and to maintain quality standards in statistical work.,24.6,24.7,26.4,27.0
2009,26,5,Price/Industry/Service Statistics,"The aim is to produce and analyse price, industry and service statistics.",110.1,111.8,115.8,130.9
2009,26,6,Labour Statistics,"The aim is to produce and analyse statistics on employment, vacancies, wage, labour earnings and manpower requirements and to maintain a Central Register of Establishments (CRE) as a sampling frame for conducting establishment surveys.",64.5,63.3,62.0,68.3
2009,26,0,total,,455.3,484.7,472.1,553.4
2009,27,1,Civil Aid Service,"The aim is to provide an effective auxiliary force to augment the Government’s regular emergency services in emergency situations, to provide civic services to government departments and outside agencies, and to provide young people with the opportunity to develop self-confidence and civic-mindfulness through participation in the Civil Aid Service (CAS) Cadet Corps.",72.3,80.8,82.5,82.1
2009,27,0,total,,72.3,80.8,82.5,82.1
2009,28,1,Flight Standards,"The aim is to set and enforce flight and airworthiness standards in compliance with international civil aviation safety requirements, and to keep the relevant legislation and operational requirements up-to-date.",59.2,71.1,70.3,79.2
2009,28,2,Airport Standards,"The aim is to set and enforce aerodrome safety and aviation security standards, and to keep up-to-date the related legislation.",31.0,33.5,33.2,33.7
2009,28,3,Air Traffic Management,"The aim is to maintain a safe, orderly and expeditious flow of air traffic within the Hong Kong Flight Information Region (HKFIR) through provision of quality air navigation services and aeronautical information services, and to co-ordinate search and rescue operations in the event of aircraft accidents.",293.7,308.2,305.4,331.6
2009,28,4,Air Traffic Engineering and Standards,"The aim is to maintain the air traffic control systems at the highest standard, to ensure the smooth and timely completion of engineering projects within budget, to set and enforce air traffic management standards in compliance with international civil aviation safety requirements and to regulate the air traffic management services and operations.",196.9,230.3,226.6,232.5
2009,28,5,Air Services,The aim is to implement the air services arrangements and aviation policy to enable air services to be operated to meet the demand and to promote Hong Kong as an international and regional aviation centre.,22.9,32.9,32.5,34.3
2009,28,6,Air Passenger Departure Tax Administration,The aim is to ensure effective administration of the Air Passenger Departure Tax (APDT) collection pursuant to the Air Passenger Departure Tax Ordinance.,1.5,1.5,1.5,1.5
2009,28,0,total,,605.2,677.5,669.5,712.8
2009,30,1,Prison Management,The aim is to provide safe and humane custody of all persons committed or sentenced by the courts and persons detained under the Immigration Ordinance.,2023.1,2066.1,2103.1,1984.8
2009,30,2,Re-integration,The aim is to facilitate the re-integration of prisoners and inmates into the community as law-abiding citizens.,461.8,473.1,521.2,713.8
2009,30,0,total,,2484.9,2539.2,2624.3,2698.6
2009,31,1,Control and Enforcement,"The aims are to prevent and detect the smuggling of contraband, including narcotics, firearms, strategic goods, dutiable commodities, articles which infringe copyright or trade descriptions, and any other articles the importation or exportation of which is prohibited by law, through actions at control points and through regular land and maritime patrols within the territory of Hong Kong.",1370.0,1580.1,1554.0,1757.8
2009,31,2,Anti-narcotics Investigation,"The aims are to suppress illicit trafficking in and abuse of dangerous drugs, to combat money laundering and to prevent diversion of controlled chemicals for the illicit manufacture of dangerous drugs.",128.0,136.0,135.8,138.0
2009,31,3,Intellectual Property Rights and Consumer Protection,"The aims are to prevent and detect copyright and trade mark infringement; to collaborate with trade mark and copyright owners, relevant organisations and law enforcement agencies in or outside Hong Kong, in order to combat trade mark counterfeiting and copyright piracy; and to enforce consumer protection legislation relating to weights and measures, toys and children’s products safety, consumer goods safety and trade descriptions.",221.8,237.1,235.2,239.0
2009,31,4,Revenue Protection and Collection,The aims are to collect and protect revenue from dutiable commodities stipulated in the Dutiable Commodities Ordinance and to assess the provisional taxable values of motor vehicles under the Motor Vehicles (First Registration Tax) Ordinance.,124.6,134.1,129.5,126.0
2009,31,5,Trade Controls,The aims are to secure and maintain the integrity and credibility of the various trade controls and import and export control systems operated in Hong Kong in fulfilment of international obligations and for public health and safety reasons; as well as to collect import and export declarations and declaration charges under the Import and Export (Registration) Regulations and clothing levies under the Industrial Training (Clothing Industry) Ordinance.,208.6,220.8,221.7,224.6
2009,31,0,total,,2053.0,2308.1,2276.2,2485.4
2009,33,1,Tourism and Recreational Development,"The aim is to plan, design and implement the tourism and recreational developments in Northeast Lantau and Ngong Ping, and the site formation works of the cruise terminal development at Kai Tak, as well as to provide engineering input to the Ocean Park redevelopment project in the Southern District.",36.6,38.5,39.6,40.6
2009,33,2,Port and Marine Facilities,"The aim is to implement the port development programme; design, construct and maintain public marine facilities, including seawalls, mooring areas and piers; maintain adequate water depth in navigation channels in the harbour; and provide advice and services to other departments on matters relating to marine works.",169.7,174.1,177.2,180.5
2009,33,3,Provision of Land and Infrastructure,The aim is to provide land and supporting infrastructure for development.,264.9,275.4,283.1,295.5
2009,33,4,Slope Safety and Geotechnical Standards,The aim is to exercise geotechnical control on private and public developments; register slopes; implement the ten-year (2000–2010) Extended Landslip Preventive Measures (LPM) Programme; provide landslide emergency service and investigate serious landslides; set geotechnical standards; undertake public education and advise private slope owners on slope safety.,268.0,281.9,290.4,297.7
2009,33,5,Greening and Technical Services,"The aim is to develop greening master plans and implement other greening measures to improve the environment of Hong Kong; provide ground investigation, construction materials testing, geological surveys and other geotechnical services; and manage Hong Kong’s marine fill resources and mud disposal capacity.",89.0,98.8,101.1,104.3
2009,33,6,"Supervision of Mining, Quarrying and Explosives",The aim is to supervise contracts for quarrying in Hong Kong; enforce the Mining Ordinance; enforce the Dangerous Goods Ordinance in connection with the use of explosives; and safeguard the public from the misuse of explosives.,43.1,47.6,49.3,50.0
2009,33,7,Management of Construction and Demolition Materials,The aim is to ensure good management and utilisation of inert construction and demolition materials.,403.8,486.3,486.6,1116.4
2009,33,8,Advice on Development Proposals,The aim is to advise on development proposals.,27.2,28.5,29.3,30.0
2009,33,0,total,,1302.3,1431.1,1456.6,2115.0
2009,37,1,Statutory Functions,The aim is to enforce legislation to ensure a high standard of public health protection.,333.9,359.8,359.9,373.8
2009,37,2,Disease Prevention,The aim is to prevent and control diseases and reduce preventable diseases and premature deaths.,1244.9,1359.8,1439.6,1944.0
2009,37,3,Health Promotion,The aim is to promote health and increase health awareness in the community and among specific target groups.,200.3,243.8,245.8,259.1
2009,37,4,Curative Care,The aim is to provide specialised outpatient treatment for various illnesses.,564.3,587.9,584.6,624.4
2009,37,5,Rehabilitation,The aim is to provide comprehensive assessment for children with developmental problems and disabilities.,75.2,75.9,78.3,82.4
2009,37,6,Treatment of Drug Abusers,The aim is to contribute to Government’s overall strategy for the control of drug abuse.,118.8,124.6,125.7,130.3
2009,37,7,Medical and Dental Treatment for Civil Servants,The aim is to provide medical and dental services for serving and retired civil servants and other eligible persons.,528.8,581.7,592.6,699.8
2009,37,8,Personnel Management of Civil Servants Working in Hospital Authority,"The aim is to discharge the personnel management responsibility for the civil servants working in the HA to maintain their morale and efficiency to facilitate the smooth operation of all public hospitals in a mixed staff situation, and to look after the interests of these civil servants.",9.2,10.7,8.5,6.9
2009,37,0,total,,3075.4,3344.2,3435.0,4120.7
2009,39,1,Stormwater Drainage,"The aim is to investigate, plan, design, construct, operate and maintain stormwater drainage, flood relief channels and other flood control installations; to set and ensure compliance with stormwater drainage standards; and to relieve flooding.",374.0,385.3,397.6,406.7
2009,39,2,Sewage Services,"The aim is to investigate, plan, design and construct sewerage systems and sewage treatment and disposal facilities; to set and ensure compliance with sewerage standards; to undertake effective operation and maintenance of sewerage systems and sewage treatment plants; and to operate effectively the sewage charging scheme in accordance with the Sewage Services Ordinance.",1227.3,1253.3,1278.7,1363.0
2009,39,0,total,,1601.3,1638.6,1676.3,1769.7
2009,42,1,"Energy Supply; Electrical, Gas and Nuclear Safety","The aim is to safeguard the public through implementation of a set of comprehensive regulatory frameworks and systems on the safety of electrical and gas applications and working closely with the community on education, to monitor the operation of utility companies and development of electricity supply, and to provide professional support and advice on nuclear related matters.",102.4,102.6,108.0,107.9
2009,42,2,Mechanical Installations Safety,"The aim is to safeguard public through implementation of a set of comprehensive regulatory frameworks and systems on the safety of lifts, escalators, builders’ lifts, tower working platforms, aerial ropeways, amusement rides, railways, trams and other mechanical installations, and working closely with the community on public education.",33.5,39.5,41.6,48.4
2009,42,3,"Energy Efficiency and Conservation, and Alternative Energy",The aim is to promote energy efficiency and conservation and application of alternative energy.,109.6,109.0,109.8,245.3
2009,42,4,Centralised Services and Special Support,The aim is to provide efficient and cost-effective centralised services and specialist support to other departments.,57.4,58.1,59.7,62.1
2009,42,0,total,,302.9,309.2,319.1,463.7
2009,44,1,Waste,The aim is to develop and implement a sustainable waste management strategy for Hong Kong to reduce waste and to safeguard the health and welfare of the community from any adverse environmental effects associated with the improper handling and disposal of waste. This is done through a framework of programmes for the provision of facilities as well as legislative and institutional measures.,1400.0,1425.6,1510.8,1513.2
2009,44,2,Air,"The aim is to achieve and maintain satisfactory air quality through intervention in the planning process and enforcement of the Air Pollution Control Ordinance (APCO), Ozone Layer Protection Ordinance (OLPO) and other statutory requirements.",444.0,1506.8,613.9,1249.2
2009,44,3,Noise,"The aim is to prevent, minimise and resolve environmental noise problems through formulation of noise policy, intervention in the planning process, implementation of noise abatement measures and enforcement of the Noise Control Ordinance (NCO).",92.7,96.1,97.6,99.6
2009,44,4,Water,"The aim is to ensure that the quality of Hong Kong’s marine and fresh water meets the various conservation goals, and that plans are formulated and implemented to ensure that Hong Kong’s sewerage systems can operate safely and effectively both now and with further urban developments in future.",231.2,234.4,240.9,250.3
2009,44,5,Environmental Assessment and Planning,"The aim is to pre-empt environmental problems associated with projects, plans, policies and strategies by assessing their environmental implications and ensuring that effective preventive and mitigatory measures are implemented where potential problems are identified.",80.2,80.8,82.4,84.1
2009,44,6,Nature Conservation,"The aim is to regulate, protect and manage natural resources that are important for the conservation of biological diversity of Hong Kong in a sustainable manner, taking into account social and economic considerations, for the benefit and enjoyment of the present and future generations of the community.",5.9,5.7,7.1,6.3
2009,44,0,total,,2254.0,3349.4,2552.7,3202.7
2009,45,1,Fire Service,"The aim is to extinguish fires, to protect life and property in case of fire or other calamity and to carry out fire hazard abatement action.",2054.7,2221.4,2284.9,2371.0
2009,45,2,Fire Protection and Prevention,The aim is to reduce fire hazards in the community and to ensure that appropriate fire protection measures are provided in buildings/premises according to their intended use(s).,233.1,258.6,281.6,305.2
2009,45,3,Ambulance Service,The aim is to provide an efficient and effective paramedic emergency ambulance service to meet public demand.,835.6,947.9,983.1,1124.9
2009,45,0,total,,3123.4,3427.9,3549.6,3801.1
2009,46,1,General Expenses of the Civil Service,The aim is to pay for expenditure on terms and conditions of service and other personnel related expenses.,3282.5,3385.2,3018.1,3007.7
2009,46,0,total,,3282.5,3385.2,3018.1,3007.7
2009,47,1,Use of IT in Government,"The Government’s Digital 21 Strategy contains five action areas to sustain Hong Kong’s position as Asia’s leading digital city. Each action area has a statement of desired outcome. The aim of this Programme is to deliver the desired outcome under the action area “Enabling the next generation of public services”. The desired outcome is that Government should use ICT to provide the public with the services they need, in an efficient and convenient manner, which is as pleasurable and straightforward as dealing with the most customer-friendly organisations in the commercial and voluntary sectors. Government policy initiatives, internal efficiency, transparency and public engagement should also be enabled by appropriate and world-leading use of ICT.",436.0,454.1,444.8,477.2
2009,47,2,IT Infrastructure and Standards,"The aim of this Programme is to deliver the desired outcome of the Digital 21 Strategy under the action area “Facilitating a Digital Economy”. The desired outcome is that Hong Kong should have the IT infrastructure, standards, legal framework and talent that are needed to facilitate a vibrant digital economy infrastructure and to enable our core industries to sustain and improve their competitive position.",66.9,69.7,69.9,73.3
2009,47,3,IT in the Community,"The aim of this Programme is to deliver the desired outcomes of the Digital 21 Strategy under the action areas “Developing Hong Kong as a hub for technological cooperation and trade” and “Building an inclusive, knowledge- based society”. The desired outcome for the former action area is that business establishments located in Hong Kong should play a significant role in the local, Mainland and global markets for ICT and digital content services, and that collaboration with Mainland and international entities should be a major factor in successfully serving these markets. The desired outcome for the latter action area is that residents, businesses and voluntary organisations in Hong Kong are all able to create, access, utilise and share information and knowledge, so that they can achieve their full potential in promoting their sustainable development and improving their quality of life. There should also be a culture of healthy and ethical use of ICT, promoted and protected by knowledgeable users and the legal system.",38.7,40.4,40.3,105.3
2009,47,0,total,,541.6,564.2,555.0,655.8
2009,48,1,Statutory Testing,The aim is to carry out statutory functions as referee analyst under a number of ordinances and regulations.,109.7,144.8,142.8,131.9
2009,48,2,Advisory and Investigative Services,The aim is to provide a wide range of primarily chemical testing and advisory services to other government departments and public institutions.,61.1,66.6,68.5,62.0
2009,48,3,Forensic Science Services,The aim is to provide comprehensive and unbiased forensic science services to the criminal justice system.,107.9,117.6,121.0,125.5
2009,48,0,total,,278.7,329.0,332.3,319.4
2009,49,1,Food Safety and Public Health,"The aim is to ensure that food available for human consumption is wholesome, hygienic and safe; and to safeguard public health through testing and control of live food animals and effective pest control.",665.2,809.6,781.2,819.3
2009,49,2,Environmental Hygiene and Related Services,"The aim is to provide quality environmental hygiene services and facilities, and to safeguard public health through licensing and regulation of licensed food premises.",1932.9,2268.2,2353.4,2265.7
2009,49,3,Market Management and Hawker Control,The aim is to maintain a clean and hygienic environment in public markets and to control on-street hawking activities.,1246.3,1293.7,1488.6,1349.5
2009,49,4,Public Education and Community Involvement,The aim is to promote food safety and the maintenance of a hygienic environment through partnership with the community and a multi-media publicity campaign.,19.1,19.2,19.2,19.4
2009,49,0,total,,3863.5,4390.7,4642.4,4453.9
2009,51,1,Acquisition and Allocation,"The aim is to meet Government’s needs, mainly for offices and quarters, in an economical and cost-effective manner.",713.0,775.6,754.1,797.3
2009,51,2,Property Management,"The aim is to manage government properties under the control of the Agency in an efficient and cost-effective manner, to improve and modernise them to meet changing needs, and to ensure that the Government’s rights and responsibilities as owner of GIC accommodation in private developments are incorporated in the appropriate legal documents.",875.9,990.6,927.5,987.9
2009,51,3,Estate Utilisation,The aim is to optimise the utilisation of all government sites and surplus properties with potential for alternative government use or commercialisation.,33.8,39.2,37.8,43.0
2009,51,0,total,,1622.7,1805.4,1719.4,1828.2
2009,53,1,Director of Bureau’s Office,The aim is to ensure the smooth operation of the Office of the Secretary for Home Affairs.,6.2,11.3,9.2,11.2
2009,53,2,Social Harmony and Civic Education,"The aims are to promote the development of social enterprise (SE) to foster a caring culture in society and enhance job opportunities for the socially disadvantaged, to promote civic education and national education, social harmony, and youth development.",89.0,183.0,121.3,222.9
2009,53,3,"District, Community, and Public Relations","The primary objective is to formulate and oversee the implementation of the policy in respect of district administration and community building in Hong Kong, and legal aid.",62.8,175.3,2168.0,64.7
2009,53,4,"Recreation, Sport and Entertainment Licensing","The aim is to promote the development of recreation and sport in Hong Kong on all fronts, and to provide a business-friendly and effective regulatory regime in respect of various types of places of public entertainment.",75.8,122.1,90.0,108.0
2009,53,5,Culture,"The aims are to promote and develop arts and culture, and protect intangible cultural heritage in Hong Kong.",45.8,95.0,78.9,87.8
2009,53,6,"Subvention: HKSIL, HKAPA, HKADC and Major Performing Arts Groups",The aim is to enable the HKSIL to provide an environment for the elite athletes to achieve the highest performance in sports.,620.5,688.2,716.4,743.7
2009,53,7,Subvention: DLS and LASC,The aim is to enable the HKAPA to develop and promote professional artistic standards through the education and training of students for careers as professionals in performing arts under the HKAPA Ordinance.,89.5,99.2,101.4,101.7
2009,53,0,total,,989.6,1374.1,3285.2,1340.0
2009,55,1,"Broadcasting, Film Services and Creative Industries","The aim is to promote the development of broadcasting, film and creative industries and enhance Hong Kong’s position as a broadcasting and film production centre and a creative capital.",34.9,28.4,36.2,38.8
2009,55,2,Telecommunications,The aim is to facilitate the development of the telecommunications industry and enhance Hong Kong’s position as a telecommunications hub.,29.4,35.2,27.2,27.5
2009,55,0,total,,64.3,63.6,63.4,66.3
2009,59,1,Procurement,The aim is to purchase for government departments goods and services that represent best value for money.,45.6,45.4,48.6,53.0
2009,59,2,Supplies Management,"The aim is to supply common-user items required by government departments through allocated term contracts whereby the items will be delivered by suppliers directly to user departments on an as-and-when-required basis, to supply essential and emergency items to government departments in a cost-effective manner, and to assist government departments to manage their supplies activities effectively.",62.5,65.2,66.3,70.5
2009,59,3,Land Transport,The aim is to procure vehicles to meet operational needs of government departments at best value for money and to provide government departments with transport management advice and support services.,128.9,139.8,138.5,156.6
2009,59,4,Printing Services,The aim is to provide cost-effective and quality printing services to government departments.,185.9,198.5,198.1,206.4
2009,59,0,total,,422.9,448.9,451.5,486.5
2009,60,1,Capital Projects,"The aim is to expand and improve the road network in order to meet the growth in traffic demand, serve new development areas and facilitate the movement of people and goods both within the territory and across the boundary in accordance with approved programmes and at the same time contribute towards sustainable development.",272.0,284.7,290.5,303.7
2009,60,2,District and Maintenance,"The aim is to maintain the integrity of the road network with particular emphasis on safety and serviceability, ensure that the road infrastructure is not adversely affected by public or private sector developments and implement local road infrastructural works to fit in with progress of development.",1081.6,1106.9,1122.2,1174.0
2009,60,3,Railway Development,The aim is to implement the Railway Development Strategy and formulate plans for the further development of the railway network.,72.6,79.1,81.6,87.4
2009,60,4,Technical Services,The aim is to provide technical support and set standards for the construction and maintenance of the road network.,571.1,638.5,637.4,663.1
2009,60,0,total,,1997.3,2109.2,2131.7,2228.2
2009,62,1,Building Control,"The Housing Department (HD) is delegated with the authority over building control of the Housing Authority (HA)’s buildings that have been sold or otherwise disposed of under sections 4(2)(a) or 17A of the Housing Ordinance. The aim is for the Independent Checking Unit (ICU) of the Department to exercise building control of these former HA’s buildings, in accordance with the Buildings Department (BD)’s current practice on building control of private housing, and to make a bi-annual report to the Director of Buildings.",67.5,68.8,72.3,74.9
2009,62,2,Private Housing,"The aim is to maintain an orderly, fair and free environment to facilitate the stable and healthy development of the private residential property market.",14.8,17.2,17.5,17.5
2009,62,3,Appeal Panel (Housing),"The aim is to provide administrative and secretarial support to the Appeal Panel (Housing) to ensure that appeals lodged under the Housing Ordinance against the termination of leases by the HA are handled in a thorough, impartial and efficient manner.",9.1,11.9,8.9,8.9
2009,62,4,Rehousing of Occupants upon Clearance,"The aim is to provide rehousing assistance to eligible clearees affected by government actions in land clearance, victims of natural disasters and other emergency incidents.",14.3,16.5,15.3,17.3
2009,62,5,Support Services,The aim is to provide efficient and effective support services for housing-related matters and infrastructure projects.,11.0,11.2,11.9,11.9
2009,62,0,total,,116.7,125.6,125.9,130.5
2009,63,1,District Administration,"The aims are to develop policy in respect of the District Administration Scheme, to encourage public participation in the Scheme and through it to enhance the capacity to resolve problems in districts and to ensure that public policies are effectively implemented at the district level.",527.9,618.4,611.4,618.1
2009,63,2,Community Building,The aims are to develop policy in respect of community building and to promote community involvement activities and public participation in community affairs.,523.3,701.1,702.8,747.7
2009,63,3,Local Environmental Improvements,The aim is to improve the local environment through minor works.,167.7,175.8,171.2,205.8
2009,63,4,Licensing,"The aim is to implement the Hotel and Guesthouse Accommodation Ordinance (Cap. 349), the Clubs (Safety of Premises) Ordinance (Cap. 376), the Bedspace Apartments Ordinance (Cap. 447) and the Karaoke Establishments Ordinance (Cap. 573) and to process permits for non-charitable fund-raising activities.",33.2,34.5,34.6,35.8
2009,63,5,Territory Planning and Development,The aim is to assist relevant bureaux and departments in gauging local views on the planning and development projects of the territory.,16.9,17.5,17.5,18.4
2009,63,0,total,,1269.0,1547.3,1537.5,1625.8
2009,70,1,Pre-entry Control,The aim is to control legal immigration and the entry of foreign workers and undesirable persons through the visa system.,194.3,195.2,207.5,209.9
2009,70,2,Control upon Entry,"The aims are to exercise quantitative and qualitative control over legal immigration, prevent the entry of undesirable persons and the departure of persons wanted for criminal offences, facilitate the movement of bona-fide tourists, business visitors and local residents, and process cross-boundary vehicles.",1330.9,1491.2,1514.8,1581.0
2009,70,3,Control after Entry,"The aim is to exercise immigration control by granting or refusing extension of stay; investigating and prosecuting offenders under the Immigration, Immigration Service, Registration of Persons, Marriage, Births and Deaths Ordinances, and certain provisions under the Crimes Ordinance; removing or deporting illegal immigrants, overstayers and undesirable persons from Hong Kong; and assessing cases with claims made under the Convention Against Torture and Other Cruel, Inhuman or Degrading Treatment or Punishment.",496.1,484.7,547.4,576.6
2009,70,4,Personal Documentation,"The aims are to counteract illegal immigration and enhance the maintenance of law and order by providing all legal residents with a secure form of identity card and all consequential services related to identity cards; to register births, deaths and marriages and provide all consequential services related to such civil registration; to assess right of abode claims; and to facilitate international travel of Hong Kong residents by providing them with travel documents.",590.3,524.3,537.7,491.7
2009,70,5,Nationality and Assistance to HKSAR Residents outside Hong Kong,"From 1 July 1997, the Department is authorised by the Central People’s Government to deal with Chinese nationality matters in respect of residents in the HKSAR in accordance with the Nationality Law of the People’s Republic of China and the ‘Explanations’ adopted by the Standing Committee of the National People’s Congress. On 1 February 2000, the Department started to accept applications outside Hong Kong for declaration of change of nationality, naturalisation as a Chinese national, and renunciation and restoration of Chinese nationality through Chinese diplomatic and consular missions. It also provides assistance to Hong Kong residents in distress outside Hong Kong.",15.7,14.0,17.4,17.6
2009,70,0,total,,2627.3,2709.4,2824.8,2876.8
2009,72,1,Corruption Prevention,"The aim is to identify and eliminate opportunities for corruption in government departments and public bodies, and advise the private sector on corruption prevention.",51.3,52.3,54.9,55.5
2009,72,2,Operations,The aim is to enforce the law vigilantly and professionally in order to seek out and eradicate corruption wherever it exists.,523.6,575.3,566.7,615.0
2009,72,3,Preventive Education,The aim is to promote better public understanding of the corruption problem and encourage target groups to take positive action.,60.0,63.6,64.6,67.7
2009,72,4,Enlisting Support,"The aim is to promote public awareness of the evils of corruption, foster public confidence in and support for the work of the ICAC, and encourage reporting of corruption offences.",62.0,65.7,66.7,69.9
2009,72,0,total,,696.9,756.9,752.9,808.1
2009,74,1,Public Relations Outside Hong Kong,The aim is to promote a favourable image of Hong Kong internationally.,69.9,82.7,79.4,88.3
2009,74,2,Local Public Relations and Public Information,"The aim is to map out co-ordinated public relations strategies and plans for the presentation of government policies locally; and to convey to the public information on, and enhance public understanding of, government policies, plans, decisions, activities and services.",146.4,159.3,157.8,161.5
2009,74,3,Public Opinion,The aim is to keep the Government informed of public opinion as expressed through the media and to advise the Government on public reaction to government policies and measures.,17.0,18.2,19.3,20.2
2009,74,4,Civic Responsibility,"The aim is to enhance public awareness of, and educate the community on, issues of wide concern and promote a greater sense of civic responsibility.",41.2,44.1,40.9,42.9
2009,74,5,Publishing,The aim is to serve as the Government’s publishing agency.,65.3,65.7,62.3,66.4
2009,74,0,total,,339.8,370.0,359.7,379.3
2009,76,1,Assessing Functions,"The aim is to raise revenue through taxes, duties and fees in accordance with the relevant legislation in a cost-effective manner.",832.0,929.8,890.2,939.4
2009,76,2,Collection,The aim is to collect taxes due under the relevant ordinances in a cost-effective manner.,121.2,128.0,130.4,134.8
2009,76,3,Investigation and Field Audit,"The aim is to counter tax evasion, minimise opportunities for tax avoidance and promote voluntary compliance by taxpayers.",167.4,172.5,176.7,180.6
2009,76,4,Taxpayer Services,"The aim is to provide a high level and quality of service to the public through the provision of timely and accurate tax information, thereby promoting voluntary tax compliance.",20.0,21.4,21.3,21.8
2009,76,0,total,,1140.6,1251.7,1218.6,1276.6
2009,78,1,Statutory Functions,"The aim is to provide cost-effective and efficient systems for the registration and administration of trademarks, patents, designs and copyright licensing bodies in Hong Kong.",62.9,70.9,69.2,73.9
2009,78,2,Protection of Intellectual Property,"The aims are to promote awareness of IP rights, to enhance the reputation of Hong Kong in the protection of IP rights in order to attract investment, and to protect existing and new types of IP rights in line with international trends and standards. Particular attention is paid to providing support for small and medium enterprises (SMEs) to help them protect their IP assets, both in Hong Kong and in the region.",19.9,21.8,22.6,24.4
2009,78,0,total,,82.8,92.7,91.8,98.3
2009,79,1,Investment Promotion,The aim is to attract and retain foreign direct investment and to maintain and develop Hong Kong as the leading international business location in Asia.,107.7,109.3,110.5,111.6
2009,79,0,total,,107.7,109.3,110.5,111.6
2009,80,1,"Courts, Tribunals and Various Statutory Functions","The aim is to maintain an independent and effective judicial system which upholds the rule of law, safeguards the rights and freedoms of the individual and commands confidence within and outside Hong Kong.",684.9,796.3,737.2,848.2
2009,80,2,Support Services for Courts’ Operation,The aim is to provide efficient and effective services to support the operation of courts.,225.6,248.5,235.6,270.3
2009,80,0,total,,910.5,1044.8,972.8,1118.5
2009,82,1,Buildings and Building Works,"The aim is to promote building safety, set and enforce safety, health and environmental standards for private buildings and improve the quality of building development.",783.2,825.0,835.8,890.6
2009,82,0,total,,783.2,825.0,835.8,890.6
2009,90,1,Labour Relations,The aim is to foster and maintain harmonious employer-employee relations in the non-government sector.,111.9,119.5,120.6,122.4
2009,90,2,Employment Services,The aim is to provide a comprehensive range of free employment assistance and recruitment services to help job seekers find suitable jobs and employers fill their vacancies.,326.5,356.4,397.7,424.3
2009,90,3,Safety and Health at Work,"The aim is to ensure that risks to the safety and health of people at work are properly managed by legislation, enforcement, education and publicity efforts.",323.6,334.6,343.3,355.5
2009,90,4,Employee Rights and Benefits,The aim is to safeguard the rights and benefits of employees under labour laws.,285.0,206.3,216.5,232.0
2009,90,0,total,,1047.0,1016.8,1078.1,1134.2
2009,91,1,Land Administration,"The aim is to administer land in Hong Kong by disposing of land; acquiring private land and clearing land required for the implementation of public works and other projects; managing government leases, unleased land and certain buildings held by the Administration; renewing and modifying leases; and maintaining man-made slopes on unallocated and unleased government land.",1132.4,1240.5,1243.8,1310.2
2009,91,2,Survey and Mapping,"The aim is to formulate and implement survey and mapping policies, standards, regulations and specifications; provide and maintain the basic mapping, geodetic and land boundary databases; carry out geodetic, mapping and land boundary surveys; and administer the Land Survey Ordinance under the Land Survey Authority to cope with land and building developments in Hong Kong.",392.5,403.7,405.4,424.6
2009,91,3,Legal Advice,"The aim is to facilitate government land transactions by providing legal advice and conveyancing services to the departments and bureaux concerned, and to give consent to sales of units in uncompleted developments.",47.8,54.5,51.7,59.1
2009,91,0,total,,1572.7,1698.7,1700.9,1793.9
2009,92,1,Prosecutions,The aim is to advise and decide whether or not criminal proceedings should be undertaken and to prosecute cases in the courts.,353.8,389.1,403.8,421.1
2009,92,2,Civil,"The aim is to provide legal advice to the Government on civil matters, to undertake civil litigation and to draft contracts on commercial and other matters.",332.2,370.5,357.1,389.5
2009,92,3,Legal Policy,"The aim is to advise the Government on matters raising questions of legal policy; to assist in formulating policy, particularly in relation to the legal system and the legal profession; to provide support to the Secretary for Justice in relation to the discharge of his duties; to provide advice in respect of the Basic Law, human rights and constitutional affairs as well as the law and legal developments in the Mainland; and to review chosen areas of the law and provide secretariat support for the Law Reform Commission.",60.2,64.9,64.9,68.9
2009,92,4,Law Drafting,The aim is to draft legislation and to make the texts of legislation readily accessible.,74.7,83.7,77.6,86.4
2009,92,5,International Law,The aim is to provide advice on international law issues to the Government and to handle requests for international legal co-operation efficiently.,34.3,41.0,37.7,38.5
2009,92,0,total,,855.2,949.2,941.1,1004.4
2009,94,1,Processing of Legal Aid Applications,The aim is to ensure that legal aid service is provided only to eligible applicants.,74.6,76.5,80.8,83.1
2009,94,2,Litigation Services,The aim is to discharge the Department’s statutory duties relating to assignment and conduct of legal aid cases.,534.9,638.2,566.2,628.1
2009,94,3,Support Services,"The aims are to provide effective support services for processing applications and conducting legal aid cases and for increasing public understanding and awareness of legal aid services, and to review or make recommendations on legal aid policy to meet areas of perceived needs.",28.1,29.6,30.2,29.9
2009,94,4,Official Solicitor’s Office,The aim is to provide representation to persons under a legal disability and to discharge the Official Solicitor’s duties as prescribed by the Official Solicitor Ordinance and other enactments.,9.2,14.6,11.2,11.4
2009,94,0,total,,646.8,758.9,688.4,752.5
2009,95,1,Recreation and Sports,"The aims are to develop and manage recreation and sports facilities and to organise a wide range of leisure activities in order to promote recreation and sports at all levels throughout the community, which include: • providing safe and good quality recreation and sports facilities for the public; • enhancing public awareness of the benefit of physical fitness and promoting regular participation in sports activities by all walks of life in the community; • promoting awareness of water sports safety in the Department’s venues; • organising physical recreation and sports activities for different age groups, including students and persons with a disability; and • improving the efficiency and cost-effectiveness in the provision of recreation and sports services.",2445.8,2391.3,2504.4,2654.2
2009,95,2,Horticulture and Amenities,"The aim is to promote appreciation and conservation of nature and greening of Hong Kong through planting of trees, shrubs and other plants in public parks and amenity areas and through organising a wide range of community greening activities, which include: • promoting awareness of the importance of greening, conservation of plants and protection of endangered species; and • maintaining the plants in public parks, gardens and roadside amenity areas in their best form to enhance visual amenity.",559.2,572.3,566.5,594.2
2009,95,3,Heritage and Museums,"The aims are to preserve heritage and to provide museum services with a view to promoting appreciation of heritage, arts, science and culture, which include: • promoting Hong Kong’s culture and heritage through publicity and educational activities; • conducting archaeological surveys and excavations; • declaring, where appropriate,         buildings/structures   as    monuments   and     restoring/maintaining   historic buildings/structures; • providing quality museum services to the public; • providing a balanced mix of programmes, including staging of thematic exhibitions, educational activities and visitor services, and enhancing public appreciation of arts and culture and knowledge on local heritage; • acquiring, preserving, documenting and researching works of art, film and historical objects; and • computerising data on museum collections and archives, and rendering them easily accessible to the public.",512.7,570.4,535.6,601.5
2009,95,4,Performing Arts,"The aim is to promote performing and cinematic arts through the provision of cultural facilities and the presentation of programmes, which include: • maintaining a high standard of service in civic centres to meet the needs of the arts community and the public; • presenting cultural and entertainment programmes for the development of the performing and cinematic arts; and • organising audience building activities at schools and in the community to promote appreciation of the performing arts.",774.8,788.2,797.6,822.9
2009,95,5,Public Libraries,"The aims are to provide, manage and develop library services to meet community needs for knowledge, life-long learning, information, research and recreation, to offer library extension activities to all ages, and to promote reading and literary arts, which include: • enhancing the information and life-long learning roles of the libraries; • enhancing the use of information technology in the libraries; • strengthening the library collection to provide a balanced mix of library materials for free use by the public; • developing and maintaining close links with local and overseas libraries, cultural organisations and professional library bodies to promote inter-library co-operation and information exchange; and • promoting reading and fostering the development and appreciation of literature.",669.4,732.7,720.7,753.3
2009,95,0,total,,4961.9,5054.9,5124.8,5426.1
2009,96,1,Commercial Relations,The aim is to represent and promote Hong Kong’s trading and commercial interests outside Hong Kong.,124.3,146.5,126.8,146.6
2009,96,2,Public Relations,The aim is to promote Hong Kong as a reliable trading partner and a premier location for doing business.,102.1,113.0,102.2,114.3
2009,96,3,Investment Promotion,"The aim is to encourage and attract direct investment to Hong Kong, and to promote Hong Kong’s many advantages as a business location and regional hub for Asia. The objective is to ensure that companies have all the support they need to establish and expand operations in Hong Kong.",48.0,51.4,48.1,53.8
2009,96,0,total,,274.4,310.9,277.1,314.7
2009,100,1,Infrastructure,"The aim is to enhance the contribution of the port and shipping related activities to Hong Kong’s economy by furthering the interests of Hong Kong’s merchant shipping and ensuring the provision of the necessary physical, regulatory and policy bases.",39.9,40.5,42.1,44.8
2009,100,2,Port Services,"The aim is to enable ocean-going vessels (OGVs) using the port to conduct their business quickly, safely and economically.",307.0,325.1,326.4,334.7
2009,100,3,Local Services,The aim is to ensure the safe and efficient use of Hong Kong waters by locally licensed and river trade vessels.,91.4,96.9,94.8,99.6
2009,100,4,Services to Ships,"The aim is to ensure that Hong Kong-registered ships and locally licensed vessels comply with relevant international and local regulations and are designed, constructed, maintained and manned by competent crews for safe operation and protection of the marine environment.",59.8,66.4,67.0,71.8
2009,100,5,Government Fleet,The aim is to provide cost-effective marine transport services to government departments.,381.3,390.1,399.0,410.0
2009,100,0,total,,879.4,919.0,929.3,960.9
2009,112,1,Remuneration and Reimbursements for Members,The aim is to meet the remuneration and reimbursements for Members of the Legislative Council.,130.1,142.4,142.4,141.6
2009,112,2,General and Secretariat Services,"The aim is to provide support services for the Legislative Council and its committees, to assist The Legislative Council Commission in its work, and to enhance public understanding of the work of the Legislative Council.",164.2,177.3,185.1,193.2
2009,112,3,Legal Service,"The aim is to provide an efficient and effective legal service for the Legislative Council, The Legislative Council Commission and the Legislative Council Secretariat.",26.3,27.7,29.4,29.7
2009,112,4,Redress System,The aim is to ensure that complaints and representations received are dealt with thoroughly and efficiently.,14.4,14.4,15.3,16.4
2009,112,5,Research and Library Services,The aim is to provide independent research and library support for the Council and its committees.,23.4,24.1,25.7,26.6
2009,112,0,total,,358.4,385.9,397.9,407.5
2009,114,1,Complaints Administration,"The aim is to redress grievances and address issues arising from maladministration in the public sector and to bring about improvements in the quality and standard of and promote fairness in the public administration, through independent and impartial investigations.",81.6,85.1,89.1,90.3
2009,114,0,total,,81.6,85.1,89.1,90.3
2009,116,1,Official Receiver’s Office,The aim is to administer the Companies Ordinance relating to the compulsory winding-up of companies and the Bankruptcy Ordinance relating to the estates of bankrupts.,110.1,134.3,121.0,140.9
2009,116,0,total,,110.1,134.3,121.0,140.9
2009,118,1,Territorial Planning,The aim is to provide guidance and direction for long-term development and investment in Hong Kong through the formulation and revision of territorial planning policies and development strategies and the undertaking of planning studies including research with a cross-boundary dimension.,88.8,93.2,87.8,92.5
2009,118,2,District Planning,The aim is to provide a rational pattern of land use to promote and guide development in different parts of the territory through the execution of various statutory and non-statutory town planning functions at the district level.,257.4,279.8,284.2,289.6
2009,118,3,Ordinance Review,"The aim is to keep the TPO and related legislation under review, and achieve a more open and efficient planning system and better development control in keeping with changing needs and circumstances.",2.0,2.0,2.5,2.6
2009,118,4,Town Planning Information Services,The aim is to enhance public awareness of planning matters and to facilitate dissemination of planning information to the public.,14.5,15.3,16.4,17.0
2009,118,5,Technical Services,"The aim is to provide technical services and training opportunities to staff in various sections of the Department, with a view to enhancing the quality of planning work.",72.9,78.3,82.6,83.8
2009,118,0,total,,435.6,468.6,473.5,485.5
2009,120,1,Public and Judicial Service Pension Benefits,The aim is to make provision for the payment of public and judicial service pension benefits.,14700.6,16488.2,15881.8,17548.1
2009,120,2,War Memorial Pensions/Volunteer Pensions,The aim is to make provision for the payment of war memorial pensions and volunteer pensions.,35.8,36.8,34.5,34.5
2009,120,0,total,,14736.4,16525.0,15916.3,17582.6
2009,121,1,Police Complaints Administration,"The aim of the Independent Police Complaints Council (IPCC) is to ensure that investigations of reportable complaints by the Complaints Against Police Office (CAPO) of the Hong Kong Police Force are carried out in a thorough, impartial and efficient manner.",15.2,16.5,17.8,28.3
2009,121,0,total,,15.2,16.5,17.8,28.3
2009,122,1,Maintenance of Law and Order in the Community,The aim is to maintain law and order through the deployment of efficient and well-equipped uniformed police personnel throughout the land regions.,5679.1,5796.2,5979.8,6093.6
2009,122,2,Prevention and Detection of Crime,The aim is to prevent and detect crime.,2497.7,2446.2,2531.4,2609.3
2009,122,3,Road Safety,The aim is to maximise efforts to enhance road safety by reducing traffic accidents and maintaining a smooth and safe traffic flow in Hong Kong.,935.2,1192.5,1235.1,1290.0
2009,122,4,Operations,"The aim is to: • prevent and detect illegal immigration and smuggling; • prepare, revise and test contingency plans to ensure readiness to deal with illegal immigration, major disasters, civil disturbances and acts of terrorism; • maintain internal security of the territory; • provide specialist reinforcement to other programmes; and • manage major security and crowd management events.",2403.5,2478.7,2482.4,2580.2
2009,122,0,total,,11515.5,11913.6,12228.7,12573.1
2009,136,1,Public Service Commission,"The aim is to ensure that matters relating to appointments and promotions in the middle and senior ranks of the civil service, and discipline for virtually all ranks are processed in a proper and equitable manner and to advise the Chief Executive on the recommendations received from the Administration.",15.6,17.9,18.2,17.1
2009,136,0,total,,15.6,17.9,18.2,17.1
2009,137,1,Director of Bureau’s Office,The aim is to ensure the smooth operation of the Office of the Secretary for the Environment.,7.6,13.6,12.1,14.4
2009,137,2,Power,"The aims are to ensure reliable and efficient energy supply at reasonable prices through the established monitoring arrangements of the operation of the two power companies and the towngas supply company; to enhance electrical and gas safety through the introduction and enforcement of safety standards; to promote competition and transparency in the local fuel market; and to raise public awareness of and achieve energy efficiency and conservation through education, promotion, and implementation of various programmes.",10.2,12.2,17.4,23.3
2009,137,3,Sustainable Development,The aim is to promote sustainable development (SD) in Hong Kong.,21.0,37.9,27.1,32.5
2009,137,0,total,,38.8,63.7,56.6,70.2
2009,138,1,Director of Bureau’s Office,The aim is to ensure the smooth operation of the Office of the Secretary for Development.,6.2,11.9,8.6,11.4
2009,138,2,"Buildings, Lands and Planning","The aim is to facilitate Hong Kong’s continual development through effective planning and use of land, a steady and sufficient supply of land, efficient registration of land, promoting and ensuring building safety and timely maintenance, and facilitating urban renewal.",77.9,84.7,289.3,297.6
2009,138,0,total,,84.1,96.6,297.9,309.0
2009,139,1,Director of Bureau’s Office,The aim is to ensure the smooth operation of the Office of the Secretary for Food and Health.,6.4,11.9,9.3,11.6
2009,139,2,"Agriculture, Fisheries and Food Safety","The aim is to formulate and oversee implementation of policies to ensure that food available for human consumption is safe, to respond to food incidents effectively, to prevent the introduction and spread of zoonotic diseases and diseases in animals and plants, to facilitate the sustainable development of the agricultural and fisheries industries, and to oversee efficient operation of government wholesale marketing facilities for fresh food produce.",15.8,33.7,19.6,66.7
2009,139,3,Environmental Hygiene,"The aim is to provide quality environmental hygiene services in the territory, strengthen the management of public markets, minimise the risks and threats caused to public health by pest and other nuisances, enhance the effectiveness of regulatory control over food premises, and promote public involvement in the upkeep of personal and environmental hygiene standards.",15.4,19.8,17.6,19.2
2009,139,0,total,,37.6,65.4,46.5,97.5
2009,140,1,Health,"The aim is to formulate and oversee implementation of policies to protect and promote public health, to provide comprehensive and lifelong holistic health care to each citizen, and to ensure that no one is prevented, through lack of means, from obtaining adequate medical treatment.",88.5,183.8,176.8,221.2
2009,140,2,Subvention: Hospital Authority,"The main aims of the Hospital Authority are to advise Government on the needs of the public for hospital services and resources required to meet those needs, and to provide adequate, efficient and effective public hospital services of the highest standard recognised internationally within the resources available.",29781.3,30462.2,32681.2,33041.4
2009,140,3,Subvention: Prince Philip Dental Hospital,The aim is to provide facilities for the training of dentists and dental ancillary personnel.,110.8,116.0,122.0,124.5
2009,140,0,total,,29980.6,30762.0,32980.0,33387.1
2009,141,1,Director of Bureau’s Office,The aim is to ensure the smooth operation of the Office of the Secretary for Labour and Welfare.,4.8,12.5,8.8,12.2
2009,141,2,Social Welfare,"The aim is to provide an environment which enables everyone to reach his or her full potential, thereby achieving self-reliance and contributing to the well-being of the community, and to ensure that appropriate welfare support is available to assist those in need.",62.8,115.6,118.3,200.6
2009,141,3,Women’s Interests,"The aim is to promote the well-being and interests of women in Hong Kong, and to support the Women’s Commission’s mission to enable women to fully realise their due status, rights and opportunities in all aspects of life.",16.4,21.5,19.3,23.5
2009,141,4,Manpower Development,The aim is to develop a well-trained and adaptable workforce to meet the changing manpower demands of the economy and to contribute to the overall competitiveness of Hong Kong.,453.7,82.5,69.5,73.9
2009,141,5,Subvention: Skills Centres,The aim is to provide vocational training to PWDs aged 15 or above for the purpose of improving their employment prospects and preparing them for open employment.,78.7,90.7,90.7,91.9
2009,141,6,Subvention: Guardianship Board and Environmental Advisory Service,"The aim is to support the operation of the Guardianship Board for mentally disordered and mentally handicapped persons under the Mental Health Ordinance, and to provide specialist information and advice on ways to improve access facilities to meet the special needs of PWDs through the Environmental Advisory Service.",4.8,6.0,6.0,5.8
2009,141,7,Subvention: Vocational Training Council (Vocational Training),"The aim is to provide vocational training, through subvention to the VTC, to meet the manpower needs of industries, enhance the quality of the workforce in Hong Kong and help employees adjust to market changes.",165.1,169.9,175.7,161.5
2009,141,0,total,,786.3,498.7,488.3,569.4
2009,142,1,Efficiency Unit,The aim of the Efficiency Unit is to be the preferred consulting partner for all government bureaux and departments and to advance the delivery of world-class public services to the people.,122.0,132.8,130.5,138.2
2009,142,2,Government Records Service,The aim of the Government Records Service is to administer government records efficiently by formulating and implementing policies and plans for records management and archives administration.,29.4,32.2,32.1,32.9
2009,142,3,CSO-Administration Wing,"The Administration Wing seeks to ensure that policies and services within the purview of the Chief Secretary for Administration’s Office and the Financial Secretary’s Office are delivered effectively; facilitates the smooth and efficient conduct of government business in the Legislature; and liaises with the Judiciary, the Independent Commission Against Corruption and the Office of The Ombudsman on matters that require input from the Administration.",268.6,291.8,276.1,307.1
2009,142,4,Protocol Division,The aim of the Protocol Division is to maintain an efficient protocol service for the Government.,37.9,41.6,41.7,42.9
2009,142,0,total,,457.9,498.4,480.4,521.1
2009,143,1,Director of Bureau’s Office,The aim is to ensure the smooth operation of the Office of the Secretary for the Civil Service.,6.1,6.2,6.3,6.3
2009,143,2,Human Resource Management,"The aim is to foster a dynamic, visionary and knowledge-based civil service which delivers quality service to the community through a clean, trustworthy and fulfilled work-force.",199.7,187.2,202.2,198.5
2009,143,3,Translation and Interpretation Services and Use of Official Languages,"The aim is to ensure the efficient and effective provision of translation and interpretation services to bureaux/departments, and to foster the capability of the civil service to communicate effectively in both written Chinese and English and in Cantonese, Putonghua and spoken English, in support of the Government’s official languages policy.",98.5,104.2,109.4,109.3
2009,143,4,Civil Service Training and Development,"The aim is to formulate training policies and to render support to bureaux/departments in training matters so that civil servants will be equipped with the necessary knowledge, skills and abilities to serve the community.",101.7,100.3,97.4,103.8
2009,143,0,total,,406.0,397.9,415.3,417.9
2009,144,1,Director of Bureau’s Office,The aim is to ensure the smooth operation of the Office of the Secretary for Constitutional and Mainland Affairs.,5.3,10.9,8.0,10.5
2009,144,2,Constitutional and Mainland Affairs,"The aims are to maintain community confidence in the full and faithful implementation of the Basic Law; to facilitate the implementation of the “One Country, Two Systems” principle and demonstrate its success; to further cultivate and strengthen our cordial and constructive working relationship with the Central People’s Government (CPG), other Mainland authorities and the Government of the Macao Special Administrative Region (MSAR) in accordance with the principle of “One Country, Two Systems”; to facilitate the conduct of Hong Kong Special Administrative Region (HKSAR)’s external affairs; to co-ordinate exchanges and co-operation with Taiwan, including liaison with Taiwan organisations in the HKSAR; to enhance community confidence in electoral arrangements and participation in the electoral process; to ensure that the electoral arrangements are open, fair, honest, acceptable to the community and in compliance with the Basic Law; and to continue to take forward Hong Kong’s constitutional development.",51.6,78.0,73.8,163.3
2009,144,3,Mainland Offices,"The aims are to: • enhance liaison and communication with the CPG, the provincial and municipal governments and other local authorities in the Mainland; • represent and promote Hong Kong’s trade and commercial interests in the Mainland; • promote Hong Kong as a reliable trading partner and a premier location for doing business; and • encourage and attract investments to Hong Kong, and to promote Hong Kong’s many advantages as an investment and business hub in Asia. The objective is to ensure that companies have all the support they need to establish operations in Hong Kong.",118.7,120.0,115.7,121.0
2009,144,4,Rights of the Individual,The Immigration Divisions were established in the BJO and the Guangdong ETO. The aims are to: • provide practical assistance to Hong Kong residents in distress or seeking assistance in the Mainland; and • facilitate the application of foreign nationals in the Mainland for entry visas to the HKSAR and to maintain close liaison with relevant CPG departments as well as foreign diplomatic corps in Beijing on immigration matters (BJO only).,17.9,24.2,25.8,49.8
2009,144,5,Subvention: Equal Opportunities Commission and Office of the Privacy Commissioner for Personal Data,The aim is to co-ordinate and to oversee the implementation of government policies on the rights of the individual.,109.3,112.6,119.4,120.6
2009,144,0,total,,302.8,345.7,342.7,465.2
2009,147,1,Director of Bureau’s Office,The aim is to ensure the smooth operation of the Office of the Secretary for Financial Services and the Treasury.,6.9,12.4,10.4,12.2
2009,147,2,Revenue and Financial Control,"The aim is to manage the allocation of resources, oversee the Government’s tax and other revenue-raising policies, facilitate decisions on government investments, and promote open, fair and competitive tendering, in line with prudent financial management principles and other policy objectives of the Government.",121.1,131.2,122.7,133.7
2009,147,3,Service Departments,The aim is to ensure that government departments receive the central support services necessary to enable them to maintain and upgrade the level and quality of the services they provide to the public in an efficient and cost-effective manner.,42.9,45.1,47.2,47.5
2009,147,0,total,,170.9,188.7,180.3,193.4
2009,148,1,Financial Services,"The Financial Services Branch aims to: • maintain and enhance Hong Kong’s status as a major international financial centre; • maintain the integrity and stability of the financial system of Hong Kong; • ensure orderly and efficient operation as well as prudent and appropriate regulation of the financial markets; and • provide a business environment which is open, fair and conducive to financial market developments.",103.8,127.3,136.9,140.2
2009,148,0,total,,103.8,127.3,136.9,140.2
2009,151,1,Director of Bureau’s Office,The aim is to ensure the smooth operation of the Office of the Secretary for Security.,6.4,11.2,8.7,11.6
2009,151,2,Internal Security,The aim is to maintain law and order and to protect life and property.,92.1,117.6,118.7,128.3
2009,151,3,Immigration Control,The aim is to ensure that adequate immigration controls are in place while maintaining efficient and quality services to the public.,26.1,31.7,31.4,32.7
2009,151,0,total,,124.6,160.5,158.8,172.6
2009,152,1,Director of Bureau’s Office,The aim is to ensure the smooth operation of the Office of the Secretary for Commerce and Economic Development.,7.3,12.2,9.6,12.1
2009,152,2,Commerce and Industry,"The aims are to encourage Hong Kong’s trading partners, through multilateral, regional and bilateral means, to remove barriers to trade; to promote Hong Kong’s strengths so as to maintain international business confidence in Hong Kong; to develop Hong Kong as a competitive and knowledge-based economy by increasing the added value and productivity of Hong Kong’s industries and enhancing the long-term competitiveness of small and medium enterprises (SMEs); to foster our trading and investment ties with the Mainland and support our businesses in seizing the opportunities created by the Mainland and Hong Kong Closer Economic Partnership Arrangement (CEPA); to attract external direct investment to Hong Kong; to maintain a modern and comprehensive intellectual property protection regime which complies fully with international standards; to promote and support Hong Kong’s professional services; and to strengthen exchanges and co-operation with Taiwan.",125.9,157.6,137.1,155.7
2009,152,3,Subvention: Hong Kong Trade Development Council,"The aim is to facilitate the Hong Kong Trade Development Council (HKTDC) to perform its statutory functions, i.e. to promote, assist and develop Hong Kong’s trade with places outside Hong Kong, with particular reference to exports; and to make such recommendations to the Government as it sees fit in relation to any measures which it considers would achieve an increase in Hong Kong’s trade.",350.0,360.0,360.0,370.8
2009,152,4,"Posts, Competition Policy and Consumer Protection",The aims are to promote economic efficiency in the delivery of postal services; to promote competition; and to protect consumer interests.,16.5,13.0,11.8,10.4
2009,152,5,Subvention: Consumer Council,The aim is to protect and promote the interests of consumers of goods and services.,64.9,72.1,76.4,77.2
2009,152,6,Travel and Tourism,The aim is to maintain Hong Kong’s position as the key tourist destination in Asia.,51.2,82.5,111.5,92.3
2009,152,7,Subvention: Hong Kong Tourism Board,The aim is to promote inbound tourism and maximise the socio-economic contribution that tourism makes to Hong Kong.,534.3,482.5,459.9,502.2
2009,152,8,Public Safety,The aim is to provide high standards of weather information services for the public and specialised users such as the aviation and shipping community.,0.3,0.3,0.4,0.4
2009,152,0,total,,1150.4,1180.2,1166.7,1221.1
2009,155,1,Support for Research and Development,The aim is to promote and support applied research and development (R&D) activities which can contribute to innovation and technology upgrading in industry.,22.1,22.4,24.0,25.5
2009,155,2,Fostering University-Industry Collaboration,The aim is to promote university-industry partnership in R&D projects.,6.3,6.6,7.0,7.5
2009,155,3,Promotion of Technological Entrepreneurship,The aim is to promote technological entrepreneurship in Hong Kong and provide essential support to technology-based entrepreneurial activities.,6.7,7.7,7.5,7.1
2009,155,4,Planning for Innovation and Technology Development,The aim is to support the formulation and co-ordination of innovation and technology policies and sustain public awareness of innovation and technology.,22.9,37.3,34.9,33.6
2009,155,5,Infrastructural Support,The aim is to develop world-class support infrastructure to facilitate technological upgrading and development of the industry and to promote innovation and design.,64.1,76.3,76.6,77.6
2009,155,6,Quality Support,The aim is to promote internationally accepted standards and conformity assessment services to underpin technological development and international trade.,51.4,54.7,55.1,57.4
2009,155,7,"Subvention: Hong Kong Productivity Council, Hong Kong Applied Science and Technology Research Institute Company Limited","The aim is to promote productivity excellence through the provision of integrated support across the value chain of the industry, in order to achieve more effective utilisation of resources, enhance the value-added content of products and services, and enhance the industry’s international competitiveness.",296.6,302.9,307.1,309.8
2009,155,0,total,,470.1,507.9,512.2,518.5
2009,156,1,Director of Bureau’s Office,The aim is to ensure the smooth operation of the Office of the Secretary for Education.,7.9,12.5,10.8,12.4
2009,156,2,Primary Education,The aim is to provide free and universal schooling for every child in the relevant age group attending public sector primary schools and to further improve the quality of primary education.,10483.1,11097.8,10937.1,11216.8
2009,156,3,Secondary Education,"The aim is to provide free and universal schooling for every child in the relevant age group attending public sector secondary schools, including the provision of free senior secondary education in public sector schools with effect from the 2008/09 school year, and to further improve the quality of secondary education.",17175.7,19093.6,19060.7,20497.4
2009,156,4,Special Education,"The aim is to provide free and universal education for children with special educational needs in the relevant age group attending public sector special schools, including the provision of free senior secondary school places for those who can benefit from such education with effect from the 2008/09 school year, and to further improve the quality of special education.",1275.1,1384.7,1403.1,1494.1
2009,156,5,Other Educational Services and Subsidies,The aim is to strengthen the professional preparation and continuing professional development of school principals and teachers and to provide resources for pre-primary education and other services for specific educational purposes.,1746.0,2719.7,2431.3,2635.5
2009,156,6,Vocational Education,"The aim is to provide, through subventions to the Vocational Training Council (VTC), vocational education services to enable students to acquire skills and knowledge that prepare them for employment and at the same time equip them with the foundation for further study.",1514.4,1549.5,1634.6,1663.4
2009,156,7,Policy and Support,"The aim is to ensure that people in Hong Kong receive an all-round quality education to prepare them for challenges in life and work, and to develop their aptitude for lifelong learning.",2481.4,1782.9,1636.6,1841.9
2009,156,0,total,,34683.6,37640.7,37114.2,39361.5
2009,158,1,Director of Bureau’s Office,The aim is to ensure the smooth operation of the Office of the Secretary for Transport and Housing.,6.8,12.5,9.6,12.4
2009,158,2,Land and Waterborne Transport,"The aims are to plan for and implement the construction and improvement of our transport infrastructure, with emphasis on railways; further promote the usage of public transport services by improving their quality and co-ordination; improve cross-boundary rail and road linkages; manage road use, reduce congestion and promote safety; and continue to support environmental improvement measures in transport-related areas.",73.2,72.1,72.6,76.7
2009,158,3,Air and Sea Communications and Logistics Development,"The aims are to maintain and further develop Hong Kong’s position as a centre of international and regional aviation by ensuring continued compliance with relevant international obligations and standards, providing sufficient airport capacity to meet the demands and high standard of civil aviation management, and facilitating the continued development of safe and reasonably-priced air links to a wide range of destinations to meet the needs of the travelling public and shippers; maintain and further develop Hong Kong as an international shipping and maritime centre; promote shipping safety and ensure continued compliance with relevant international standards of ships registered in Hong Kong or registered elsewhere which visit our port; ensure that the port of Hong Kong is able to expand continuously so as to sustain Hong Kong’s economic growth and meet the demands of trade; and strengthen the role of Hong Kong as the preferred international transportation and logistics hub in Asia.",36.3,37.1,38.4,45.4
2009,158,0,total,,116.3,121.7,120.6,134.5
2009,159,1,Water Supply,"The aim is to ensure the provision of a reliable, adequate and quality supply of water and to maintain an efficient water supply service.",10.6,10.6,11.2,11.7
2009,159,2,Heritage Conservation,"The aim is to protect, conserve and revitalise as appropriate historical and heritage sites and buildings through relevant and sustainable approaches for the benefit and enjoyment of present and future generations.",15.4,33.6,26.2,31.7
2009,159,3,Intra-Governmental Services,"The aim is to plan, manage and implement public sector infrastructure development and works programmes in a safe, timely and cost-effective manner whilst maintaining high quality standards.",153.6,176.9,169.6,195.6
2009,159,0,total,,179.6,221.1,207.0,239.0
2009,160,1,Radio,"As a public broadcaster, Radio Television Hong Kong (RTHK) aims to inform, educate and entertain the general public and specific target audiences through a balanced mix of high quality programmes.",167.2,202.9,200.8,213.1
2009,160,2,Public Affairs Television,"As a public broadcaster, RTHK aims to inform, educate and entertain the general public and specific target groups through the provision of a balanced mix of high quality television programmes that are not adequately provided by commercial broadcasters.",216.5,232.6,225.3,239.1
2009,160,3,School Educational Television,The aim is to produce school educational television (ETV) programmes for the Education Bureau (EDB) in support of the Government’s education policies.,32.3,35.1,34.7,33.9
2009,160,4,New Media,RTHK aims to extend its balanced mix of high quality radio and television programming to the Internet with a view to achieving its vision to be a leading public broadcaster in the new media environment.,16.1,20.2,20.7,21.9
2009,160,0,total,,432.1,490.8,481.5,508.0
2009,162,1,Statutory Valuation and Assessments,The aim is to establish and maintain a database showing all properties liable to Rates and/or Government Rent with their respective rateable values which are reviewed annually.,229.0,246.0,248.0,255.1
2009,162,2,Collection and Billing of Rates and Government Rent,The aim is to levy Rates and charge Government Rent in accordance with the Rating Ordinance and the Government Rent (Assessment and Collection) Ordinance respectively.,37.9,40.8,43.4,46.3
2009,162,3,Provision of Valuation and Property Information Services,"The aim is to provide valuation and property information services to government bureaux and departments, the private sector and the general public.",70.4,75.0,75.2,76.0
2009,162,4,Landlord and Tenant Services,The Department assists landlords and tenants in accordance with the Landlord and Tenant (Consolidation) Ordinance. It also provides advisory and mediatory services to the public on tenancy matters.,21.3,24.5,25.0,25.7
2009,162,0,total,,358.6,386.3,391.6,403.1
2009,163,1,Electoral Services,"The aim is to provide the Electoral Affairs Commission with administrative support in the effective discharge of its statutory functions under the Electoral Affairs Commission Ordinance to ensure that elections are conducted openly, honestly and fairly.",229.2,352.7,328.7,78.4
2009,163,0,total,,229.2,352.7,328.7,78.4
2009,166,1,Government Flying Service,"The aim is to provide a safe, efficient and cost-effective flying service to support the work of various departments and agencies of the Government, and to provide a 24-hour coverage of search and rescue as well as air ambulance services.",213.1,257.3,233.3,275.6
2009,166,0,total,,213.1,257.3,233.3,275.6
2009,168,1,Weather Services,"The aim is to provide weather forecasts and issue warnings to the public, special users, the shipping community, aircraft and aviation groups in order to reduce loss of life and damage to property, and minimise disruption to economic and social activities during hazardous weather.",164.1,170.1,175.1,186.7
2009,168,2,Radiation Monitoring and Assessment,The aim is to provide information on environmental radiation levels in Hong Kong and advise government departments on the protective action that may be necessary during nuclear emergencies.,23.2,23.1,23.6,23.9
2009,168,3,Time Standard and Geophysical Services,"The aim is to maintain the Hong Kong time standard and to provide geophysical, oceanographic, astronomical and climatological information to the public.",9.3,10.2,10.5,9.9
2009,168,0,total,,196.6,203.4,209.2,220.5
2009,169,1,Compliance with Interception and Surveillance Legislation,"The aim of the Secretariat, Commissioner on Interception of Communications and Surveillance (the Secretariat) is to provide support to the Commissioner on Interception of Communications and Surveillance (the Commissioner) in overseeing the compliance by law enforcement agencies (LEAs) and their officers with the relevant requirements under the Interception of Communications and Surveillance Ordinance (the Ordinance).",8.7,11.5,11.1,12.8
2009,169,0,total,,8.7,11.5,11.1,12.8
2009,170,1,Family and Child Welfare,"The aim is to preserve, strengthen and support the family.",1392.5,1584.7,1585.1,1785.3
2009,170,2,Social Security,"The aim is to provide a non-contributory social security system to meet the basic and essential needs of the financially vulnerable, and the special needs of the severely disabled and elders.",24779.2,24106.3,28800.3,27940.3
2009,170,3,Services for Elders,"The aim is to promote the well-being of elders through the provision of services that will enable them to remain active members of the community for as long as possible, and to the extent necessary, to provide community or residential care to suit the varying long-term care (LTC) needs of frail elders.",3301.7,3661.6,3719.1,3980.8
2009,170,4,Rehabilitation and Medical Social Services,"The aim is to acknowledge the equal rights of PWDs to be full members of the community by assisting them to develop their physical, mental and social capabilities to the fullest possible extent and by promoting their integration into the community; to provide medical social services; and to provide preventive and rehabilitative services for drug abusers.",2756.2,3141.9,3089.7,3377.9
2009,170,5,Services for Offenders,"The aim is to provide treatment for offenders through a social work approach, including supervision, counselling, academic, prevocational and social skill training, and help them re-integrate into the community and lead a law-abiding life.",280.6,283.6,295.4,309.0
2009,170,6,Community Development,The aim is to promote a sense of belonging in the community through social work services which encourage people to identify their social needs and mobilise community resources to solve their problems.,136.7,144.6,152.0,152.8
2009,170,7,Young People,"The aim is to assist and encourage young people to become mature, responsible and contributing members of society.",1311.7,1501.8,1527.8,1559.0
2009,170,0,total,,33958.6,34424.5,39169.4,39105.1
2009,173,1,Student Assistance Scheme,"The aim is to administer efficiently and cost-effectively various student financial assistance schemes, scholarships and merit award schemes.",3258.3,3649.2,3672.3,3905.8
2009,173,0,total,,3258.3,3649.2,3672.3,3905.8
2009,174,1,Secretariat services for the following advisory bodies on civil service and judicial salaries and conditions of service— • Standing Commission on Civil Service Salaries and Conditions of Service • Standing Committee on Disciplined Services Salaries and Conditions of Service • Standing Committee on Directorate Salaries and Conditions of Service • Standing Committee on Judicial,The aim is to assist in maintaining efficient and stable civil and judicial services through the advice of the advisory bodies.,13.9,25.8,27.7,27.3
2009,174,0,total,,13.9,25.8,27.7,27.3
2009,180,1,Broadcast Monitoring and Regulation,"The aim is to implement a fair, open and business-friendly regulatory regime which is conducive to the further development of the broadcasting sector; administer all broadcasting licences; secure proper standards of broadcasting with regard to both programmes and advertising; and ensure that broadcasting licensees comply with the provisions of the relevant legislation, licence conditions and codes of practice.",32.6,30.4,32.7,53.2
2009,180,2,Film Services,The aim is to facilitate the development of the film industry in Hong Kong.,43.6,88.5,84.1,93.4
2009,180,3,Film Classification and Control of Obscene and Indecent Articles,"The aim is to enforce a system of film classification through a censorship scheme which meets the needs and reflects the moral standards of the community; and to control, together with the Police and the Customs and Excise Department, the publication of obscene and indecent articles by enforcing the Control of Obscene and Indecent Articles Ordinance (COIAO).",28.6,28.6,31.7,32.6
2009,180,4,Entertainment Licensing,"The aim is to control, together with the Police, places of entertainment and to register local newspapers.",11.2,11.2,11.3,11.9
2009,180,0,total,,116.0,158.7,159.8,191.1
2009,181,1,Commercial Relations,The aim is to secure and preserve maximum access and fair treatment for export of goods and services from Hong Kong to international markets.,79.6,85.2,88.3,88.4
2009,181,2,Trade Support and Facilitation,"The aim is to optimise the benefits to Hong Kong flowing from international and bilateral trade agreements, including the Mainland and Hong Kong Closer Economic Partnership Arrangement (CEPA), to fulfil Hong Kong’s obligations under such agreements by way of providing certifications and licensing services and to enhance Hong Kong’s role as a regional trading and distribution centre.",122.3,129.0,121.2,122.7
2009,181,3,Support for Small and Medium Enterprises and Industries,The aim is to support and facilitate the development of Hong Kong’s SMEs and industries.,234.1,240.2,311.9,370.0
2009,181,0,total,,436.0,454.4,521.4,581.1
2009,186,1,Planning and Development,"The aims are to assist in the formulation of transport policies and infrastructure development programmes for safe and efficient passenger and goods movements and to implement the Government’s policy on public transport development, franchising and regulation, all of which will contribute towards the sustainable development of Hong Kong.",202.6,210.8,212.2,232.7
2009,186,2,Licensing of Vehicles and Drivers,"The aims are to operate an efficient vehicle and driver registration and licensing system, and to promote road safety through the efficient regulation of vehicles and drivers.",220.0,243.1,233.2,250.3
2009,186,3,District Traffic and Transport Services,"The aim is to enable safe and orderly movement of pedestrians and road traffic and provision of efficient and effective public transport services by implementing traffic management, road improvement and pedestrian schemes, installing and operating traffic control and surveillance (TCS) systems, monitoring and regulating public transport operations, formulating and implementing road safety strategies and measures, and maintaining regular dialogues with District Councils and other public bodies.",330.6,338.9,342.2,364.9
2009,186,4,Management of Transport Services,"The aim is to ensure the efficient management of transport infrastructures and services in respect of government and private tunnels, bridges, parking meters, government multi-storey carparks, the Central to Mid-Levels Escalator System, the Austin Road Cross Boundary Coach Terminus, the Tsing Ma Control Area (TMCA) and the Tsing Sha Control Area (TSCA).",123.4,260.6,219.7,321.7
2009,186,5,Transport Services for Persons with Disabilities,The aim is to ensure the efficient management and operation of the rehabus services to improve the mobility of persons with disabilities.,40.1,55.5,55.4,46.6
2009,186,0,total,,916.7,1108.9,1062.7,1216.2
2009,188,1,"Central Accounting, Collections and Payments",The aim is to produce the accounts of the Government and to arrange for the provision of centralised collection and payment services.,108.0,114.8,107.4,119.0
2009,188,2,"Payment of Salaries, Pensions and Benefits","The aim is to process and pay salaries, pensions, allowances, housing and certain other benefits to civil servants.",99.5,101.0,101.6,103.7
2009,188,3,Accounting and Financial Information Systems,The aim is to provide secure and effective accounting and financial information systems and procedures throughout the Government.,86.9,110.0,101.8,107.5
2009,188,4,Management of Funds,The aim is to manage the investments of designated funds in accordance with approved guidelines and to achieve a reasonable return.,4.2,5.3,5.0,5.9
2009,188,0,total,,298.6,331.1,315.8,336.1
2009,190,1,University Grants Committee,"The aim is to service the University Grants Committee (UGC) which advises the Government on the development and funding of higher education in Hong Kong, to administer government grants to the UGC-funded higher education institutions, and to support the UGC’s objectives of advancing the quality of teaching and learning, research and knowledge transfer at the UGC-funded institutions, and monitoring the efficiency and cost-effectiveness of the institutions’ UGC-funded activities.",12188.5,11926.4,30373.4,11645.8
2009,190,0,total,,12188.5,11926.4,30373.4,11645.8
2009,194,1,Water Supply: Planning and Distribution,"The aim is to plan water resources and to design, construct, maintain and operate water supply systems in order to provide round-the-clock supplies throughout the year to meet the demands of the territory.",4656.7,4639.0,4772.9,5224.5
2009,194,2,Water Quality Control,The aim is to control the quality of water supplied to consumers in accordance with international and the Department’s standards.,126.6,135.3,138.8,143.6
2009,194,3,Customer Services,The aims are to provide customer services and to enforce the Waterworks Ordinance and Regulations.,362.8,364.7,381.1,387.3
2009,194,0,total,,5146.1,5139.0,5292.8,5755.4
